dependent_id,first_name,last_name,relationship,employee_id
1,Hilde,Winscom,Child,1318
1,Selle,Heppner,Child,1852
2,Benjamen,Cosely,Spouse,1244
3,Joyous,Doick,Spouse,61
3,Kizzie,MacWilliam,Spouse,726
4,Wayne,Swinn,Child,526
4,Sallie,Bellward,Child,990
5,Ellette,Riguard,Child,847
5,Kakalina,Decruse,Child,2106
6,Bonni,Heinig,Spouse,1052
6,Alexis,Garstan,Spouse,1813
7,Dion,Pinney,Child,979
7,Myrlene,Windows,Spouse,1353
8,Lia,McKinstry,Spouse,1057
8,Marcella,Voice,Child,1122
9,Ferrell,Hrachovec,Child,191
9,Myrna,Cumes,Spouse,938
10,Shurwood,Aughton,Child,840
10,Terese,ooregorio,Child,1346
11,Yolande,Sleightholme,Spouse,632
11,Belicia,Dytham,Child,950
12,Jeanette,Bowling,Spouse,860
12,Fremont,Roakes,Child,1365
13,Ryon,Billin,Spouse,421
13,Waverley,Enston,Spouse,1326
14,Cleo,Mannie,Child,702
14,Sammie,Scouse,Spouse,1718
15,Kirby,Kemble,Child,1746
16,Laurice,Stickney,Child,1019
16,Dela,Kastel,Spouse,1258
17,Kandy,Shasnan,Spouse,1189
17,Cesya,Currao,Spouse,1767
18,Tessi,Tyzack,Spouse,695
18,Bridget,Crosen,Spouse,961
19,Aida,Harbinson,Child,76
19,Maris,Bowring,Child,1837
20,Helaina,McGillicuddy,Spouse,541
20,Cornie,O'Regan,Spouse,1178
21,Heinrick,Jollands,Child,271
21,Agata,Hellikes,Child,653
22,Ibbie,Ketchen,Child,205
22,Yancy,Pratten,Spouse,1808
23,Ambrosio,Idale,Child,790
23,Barnebas,Ancell,Child,1938
24,Koo,Wyld,Child,304
24,Debee,Levet,Spouse,1970
25,Eugen,Pottiphar,Child,1404
26,Tiffi,Tembridge,Child,520
26,Jacquie,Bryers,Spouse,1783
27,Meghan,Avraam,Spouse,1525
28,Kathryn,Lovett,Child,181
28,Bryan,Hufton,Spouse,1146
29,Corby,Gronw,Child,271
29,Kissie,Kinzett,Spouse,911
30,Jae,Saywood,Child,1500
30,Greggory,Scrace,Child,1794
31,Ogdan,Rockwill,Spouse,483
32,Velvet,Theuff,Spouse,1243
32,Bobine,MacGibbon,Spouse,1362
33,Charmine,Degoe,Child,2128
34,Brucie,Hubberstey,Child,1465
34,Josie,Garrioch,Child,1631
35,Marthena,Hotchkin,Spouse,1130
35,Derrik,Kornel,Spouse,1337
36,Bud,McQuorkel,Child,936
36,Jan,Giovannacc@i,Spouse,1911
37,Myrwyn,Birrell,Child,110
37,Creighton,Biddwell,Spouse,1122
38,Rhianon,McCosh,Spouse,358
38,Bibby,Hardman,Spouse,988
39,Freemon,Brumham,Spouse,55
39,Borg,Belhome,Spouse,2098
40,Anne-marie,Murty,Spouse,373
40,Natka,Gully,Child,1780
41,Dory,Durrand,Spouse,183
41,Merrill,Tixall,Spouse,2071
42,Darill,Phelip,Spouse,1479
42,Obediah,Le Provest,Spouse,1804
43,Gunar,Gorvette,Spouse,477
43,Deva,Hocking,Spouse,1655
44,Maximilien,Evangelinos,Child,579
44,Charlena,Morena,Spouse,1668
45,Joann,Fairbanks,Spouse,571
45,Noell,Leaney,Child,1802
46,Honor,Pynner,Spouse,714
46,Lindsy,Ceaser,Spouse,1985
47,Celle,Morena,Child,1172
47,Constancy,Jelley,Spouse,2044
48,Adams,Mouncher,Child,622
48,Nikolaos,MacGiany,Child,1622
49,Debor,Velti,Spouse,635
50,Chick,Petera,Spouse,109
50,Retha,Belsham,Child,655
51,Nealon,Kendrick,Child,891
52,Pierre,Agglio,Spouse,639
53,Demeter,Leser,Child,935
53,Albert,Earngy,Spouse,1380
54,Justinian,Elphey,Child,288
54,Duffy,Littledike,Child,1748
55,Tatum,Schofield,Spouse,146
55,Shirleen,Mastrantone,Child,1342
56,Berri,Rubenovic,Spouse,946
56,Hattie,Friar,Child,1056
57,Freeland,German,Spouse,778
57,Angelle,Kirkam,Spouse,795
58,Hyman,Doll,Spouse,1333
58,Trenton,Le Guin,Spouse,2133
59,Maribelle,Danson,Spouse,469
59,Hannie,Stollenwerck,Child,1510
60,Eudora,Henrichs,Spouse,206
60,Mar,Wards,Child,2084
61,Jakob,Keatley,Spouse,756
61,Mason,Narramore,Spouse,1101
62,Alyda,Towns,Spouse,1274
63,Ediva,Twigge,Child,742
63,Carleton,Catling,Child,1045
64,Trip,Feldharker,Child,1591
64,Sidoney,Powdrill,Spouse,1981
65,Amara,Dering,Child,1561
65,Burl,Sambeck,Child,1952
66,Bord,Niezen,Spouse,100
66,Johnath,Lowndesbrough,Child,1838
67,Renae,Liepmann,Spouse,275
67,Jocko,Broschek,Spouse,1175
68,Pearla,Watts,Spouse,1935
69,Mercie,Jendas,Spouse,624
69,Dusty,Wadwell,Spouse,1222
70,Corly,Hartright,Child,303
70,Maritsa,Escreet,Child,1640
71,Guglielma,Parmiter,Child,383
71,Bernie,Roust,Child,2075
72,Darell,Goulston,Spouse,670
72,Ellynn,Capener,Child,1937
73,Ruddy,Satcher,Child,762
73,Chet,Worsom,Child,1649
74,Oswald,Wetherill,Spouse,166
74,Lyda,Cayley,Spouse,1229
75,Neil,Benjafield,Spouse,1430
75,Cliff,Maggorini,Child,1911
76,Clevey,Harbage,Spouse,1212
76,Fara,Pryce,Child,2112
77,Kameko,Rockcliff,Child,472
77,Carlotta,Tackle,Child,2059
78,Ramona,Tippin,Spouse,926
78,Brien,Chopping,Spouse,1708
79,Ervin,Ramberg,Child,1027
79,Ebonee,Eilers,Child,1674
80,Sibeal,Brafferton,Spouse,230
80,Melloney,Duce,Child,1563
81,Menard,Laye,Spouse,491
81,Sandy,Bursell,Child,1356
82,Darrin,Schutter,Spouse,1299
82,Drucy,Hawsby,Child,1850
83,Reggie,Crockley,Child,417
83,Stacee,Bande,Spouse,1177
84,Gretel,Spier,Spouse,1192
84,Lynnet,Rigg,Child,1974
85,Laraine,Purse,Child,105
85,Marijn,Storey,Child,163
86,Janessa,Tocknell,Spouse,1242
86,Clement,Earie,Child,1408
87,Filippo,Reglar,Child,722
88,Doloritas,Ekell,Spouse,654
88,Yalonda,Atack,Spouse,1367
89,Kenyon,Lillicrap,Spouse,1993
89,Winne,Tarpey,Child,2114
90,Tabb,Barkly,Child,180
90,Abraham,Giampietro,Child,1718
91,Ryley,Local,Spouse,506
91,Roley,Lettuce,Child,541
92,Leroy,Lanham,Child,838
92,Trixie,Larwell,Child,1659
93,Ludvig,Tester,Spouse,134
93,Ring,Norker,Child,1363
94,Pen,Shevill,Child,1042
94,Jonie,Ritchings,Child,2040
95,Kahaleel,Bourgour,Child,1687
95,Lee,Streat,Child,1776
96,Gannon,Nightingale,Spouse,1291
97,Quinton,Rubinowitz,Spouse,291
97,Benedicta,de Almeida,Child,425
98,Raffaello,Caff,Child,1272
98,Kath,Russel,Spouse,2112
99,Kurtis,Colley,Child,808
100,Hamlin,Martusewicz,Spouse,1281
100,Katerina,Smurfit,Child,1751
101,Alverta,Curley,Child,517
101,Dael,O'Donnelly,Spouse,1714
102,Marchall,Yitshak,Spouse,496
102,Israel,Youell,Child,720
103,Lammond,Summerson,Spouse,939
103,Octavia,Toyer,Child,1541
104,Briant,Bernath,Child,1824
104,Arch,Giraudoux,Spouse,1867
105,Lindie,Garvin,Spouse,720
105,Alaric,Coster,Child,2094
106,Bogey,Grinikhin,Spouse,376
106,Jacki,Phythien,Spouse,1881
107,Codi,Racher,Spouse,675
107,Nahum,Le Marchand,Spouse,1206
108,Maryjane,Holbury,Spouse,843
108,Johanna,Longstreet,Child,1060
109,Valry,Killbey,Spouse,329
109,Kyrstin,Hacaud,Child,575
110,Dasi,Pankethman,Spouse,865
110,Benny,Simione,Child,1679
111,Belita,Klampt,Child,982
111,Valaria,Hardage,Spouse,1196
112,Nester,Di Bartolomeo,Spouse,214
112,Ursala,Munroe,Child,1553
113,Derk,O' Mahony,Spouse,192
113,Barn,Myrick,Spouse,313
114,Margalit,Dufaur,Child,1301
114,Ansley,Charlotte,Child,1791
115,Gaspar,Esh,Spouse,23
115,Alec,Smalles,Child,1097
116,Gordan,Lerway,Child,1310
116,Margareta,Gabala,Spouse,1888
117,Rory,Dusey,Child,644
117,Sloane,Tremeer,Child,1404
118,Emiline,Southworth,Child,1835
118,Ernst,Varey,Child,2080
119,Kara-lynn,Le Provost,Child,881
119,Isidora,Lippitt,Child,2013
120,Emmalynn,Smees,Child,427
120,Janette,Lottrington,Child,594
121,Neville,Krammer,Child,160
121,Cordelie,Parlett,Child,918
122,Wolfie,Hamil,Spouse,342
122,Gardiner,Anfrey,Spouse,410
123,Mehetabel,Ponter,Child,582
123,Nanni,Trineman,Child,1560
124,Wittie,McLanaghan,Child,862
124,Tyrone,Trethewey,Child,1391
125,Tremayne,Tetford,Child,155
126,Warden,Banes,Spouse,818
127,Tresa,Archibold,Child,629
127,Clyve,Canadas,Child,1288
128,Pammi,Wrettum,Child,722
128,Harvey,Hawgood,Child,1938
129,Lydon,Metzing,Child,713
129,Alfons,Rust,Child,1931
130,Kenon,Yakebovitch,Child,343
130,Isidora,McCrackem,Child,919
131,Carl,Whittington,Spouse,784
131,Gabriello,Trundell,Child,1423
132,Vergil,Felgat,Child,22
132,Max,Terrington,Child,818
133,Adham,Osmon,Child,1617
133,Bamby,Bannester,Child,1928
134,Silvano,Durant,Child,115
134,Bettina,Ryton,Child,1655
135,Si,Sloss,Child,189
135,Sam,O'Driscoll,Spouse,380
136,Garrot,Witnall,Spouse,567
136,Dyan,Skep,Spouse,819
137,Agna,Cowey,Spouse,489
137,Stefano,Andrzejowski,Spouse,1992
138,Sigismond,Sirett,Spouse,328
138,Kara,Tromans,Child,731
139,Konstantin,Girardet,Child,1547
139,Rebecka,Bullant,Child,2091
140,Roby,Studdeard,Child,548
140,Christoper,Bottell,Spouse,1472
141,Reid,Kira,Child,756
141,Antonetta,Crowthe,Spouse,1016
142,Ellwood,Waslin,Child,1614
142,Domenico,Keyse,Child,2041
143,Sande,Knibley,Child,1519
143,Ellen,Cicchelli,Child,1770
144,Myrvyn,Stirtle,Child,1275
144,Gretal,Churchlow,Child,1617
145,Ginnie,Dandie,Child,446
145,Kamila,Dukelow,Child,1289
146,Lurlene,Braxton,Child,1103
146,Winston,Moncey,Child,1825
147,Crichton,Ville,Child,975
147,Fina,Rouff,Spouse,2102
148,Pamelina,Eyckelbeck,Child,580
148,Heda,Barnshaw,Child,1503
149,Ruy,Metcalf,Spouse,51
149,Redford,Cano,Child,1481
150,Caria,Ivakhno,Spouse,1300
151,Fredra,Carradice,Child,989
152,Tommie,Winch,Child,179
152,Elisa,Sket,Child,606
153,Chandler,Savile,Child,404
153,Viviyan,Jeaffreson,Child,985
154,Suzi,Goves,Spouse,806
154,Meridith,Schruurs,Spouse,1145
155,Bond,Bolderoe,Child,1547
155,Ryun,Johnsey,Child,2041
156,Wileen,Gubbin,Child,913
157,Loren,Binley,Child,104
157,Madeline,Orviss,Spouse,609
158,Ferdy,Elkins,Spouse,1436
158,Dulcy,Antczak,Spouse,1566
159,Cleveland,Blincko,Child,112
159,Ingelbert,Lamasna,Spouse,1961
160,Jemmie,Zucker,Spouse,1394
161,Britteny,Oxnam,Child,163
161,Merwyn,Cicculini,Child,2113
162,Kain,Fairman,Spouse,1907
162,Caesar,Duly,Child,1999
163,Charmaine,Shrubshall,Spouse,319
163,Kelsi,Burridge,Child,712
164,Hewet,Fellini,Spouse,138
164,Meier,Lambarton,Spouse,277
165,Florina,Marvin,Spouse,257
165,Nedda,Skipton,Spouse,724
166,Grover,Izkovicz,Child,201
166,Alikee,Hillaby,Child,1887
167,Doria,Lassells,Child,298
167,Gretta,Hintze,Child,1612
168,Deane,Cantrill,Spouse,850
168,Renae,Colson,Child,1372
169,Moe,Egell,Spouse,613
169,Lorin,Ruse,Spouse,1603
170,Kahlil,Bungey,Spouse,920
170,Karalee,Marquand,Child,1651
171,Skell,Siddell,Child,159
171,Griffy,Cogman,Child,1702
172,Quinta,Larking,Spouse,1356
172,Jeniece,Beeden,Child,2023
173,Sibella,Muckeen,Spouse,1586
174,Verna,Moulden,Child,1202
174,Shelli,Okey,Child,2059
175,Eleonora,Gaddesby,Child,1329
175,Harrie,Winchcombe,Spouse,1459
176,Lillian,Gorrie,Spouse,1166
176,Sioux,Cocksedge,Child,1683
177,Stanislaw,Rosenthal,Child,1263
177,Blancha,Meale,Child,1601
178,Shalom,Tomlins,Spouse,1204
178,Burr,Boyfield,Child,1633
179,Ally,Fawckner,Child,1
179,Cacilia,Bakhrushin,Spouse,1809
180,Nadine,Casaccia,Spouse,53
180,Oona,Dewsnap,Child,1488
181,Helaine,McCooke,Child,275
181,Freddy,Corss,Child,1138
182,Derby,Wise,Spouse,537
182,Barrie,Kiggel,Child,899
183,Lou,Brogini,Child,31
183,Irvin,Kennon,Spouse,697
184,Blakeley,Scholefield,Child,869
184,Elisabet,O'Carran,Child,1066
185,Celia,Tethacot,Child,541
185,Jerrine,Sturmey,Spouse,1705
186,Donni,Pointon,Child,1329
186,Alika,Middlebrook,Spouse,1346
187,Demetris,Cossington,Child,450
188,Flor,Flowers,Spouse,1118
188,Beryle,Warricker,Child,1670
189,Merrill,Stennard,Child,967
189,Farrell,Manilove,Child,1716
190,Meris,Godber,Spouse,384
190,Deloris,Withey,Spouse,973
191,Cristy,Tooth,Child,1351
191,Elden,Turfus,Spouse,1923
192,Blinny,Gerrill,Spouse,252
192,Rickard,Tompkiss,Spouse,2103
193,Trevor,Poll,Child,404
193,Fidel,Mithun,Spouse,1165
194,Verne,Varley,Spouse,1849
195,Agneta,Whitby,Spouse,1707
195,Katlin,Jolley,Child,2073
196,Calida,Leak,Child,1492
196,Liza,Chesley,Child,1776
197,Filberto,Assaf,Child,111
197,Lesly,Witard,Spouse,1431
198,Nathanil,Pim,Spouse,878
198,Giorgi,Streather,Spouse,1820
199,Quillan,Clawson,Spouse,1777
199,Jannelle,Nutbrown,Child,1903
200,Desdemona,Robley,Child,104
200,Alyce,Gebhard,Spouse,859
201,Lily,Omar,Spouse,1955
202,Barbette,Eard,Spouse,536
203,Agathe,Kamen,Spouse,309
203,Forester,Klausewitz,Spouse,1662
204,Cully,Mallord,Child,767
204,Hobart,Edelmann,Spouse,1275
205,Myrvyn,Regitz,Spouse,182
205,Kimmy,Coveny,Child,1802
206,Dani,Brilon,Child,1147
206,Gregory,D'Oyley,Spouse,1997
207,Roz,Ableson,Spouse,1324
208,Herman,Kunert,Child,154
208,Anderson,Eddowis,Child,1050
209,Frazier,Mordy,Child,723
209,Nealon,Ianson,Child,1288
210,Pace,Cran,Spouse,43
210,Bellina,Gilliat,Spouse,1401
211,Willyt,Bulward,Spouse,822
212,Ally,Boughton,Child,1706
212,Skip,Grangier,Child,1868
213,Joleen,Firpo,Child,282
213,Arluene,Knight,Spouse,1579
215,Trip,Mertsching,Spouse,295
215,Sela,Flicker,Spouse,502
216,Perry,Kolis,Spouse,476
216,Ilise,Boots,Spouse,1846
217,Tad,MacLeese,Child,309
217,Talbert,Cunningham,Child,1562
218,Roland,Bowden,Spouse,4
218,Ash,Frany,Child,72
219,Kamila,Cyson,Child,704
219,Chrysa,Gaine,Spouse,1663
220,Daveen,Louth,Spouse,133
220,Forrest,Casemore,Child,1850
221,Reg,Erwin,Spouse,1083
221,Kyle,Fricker,Child,1317
222,Gabbey,Cazin,Spouse,604
222,Austin,Schultz,Child,1211
223,Stillman,Rooms,Spouse,1535
223,Adey,Derrington,Child,1674
224,Margery,McConville,Spouse,1008
225,Aldridge,Berardt,Child,862
225,Kylie,Josipovic,Child,1135
226,Jammie,Wessing,Spouse,1076
227,Elmo,Koch,Child,478
227,Sada,Durant,Child,1882
228,Lenard,Hackford,Spouse,508
228,Marta,Glasard,Child,1524
229,Laird,Grisbrook,Spouse,448
229,Ajay,Bruck,Child,857
230,Stace,Mullany,Spouse,1376
230,Nellie,Andreazzi,Child,1539
231,Viv,Josipovitz,Child,1834
232,Sumner,Frain,Child,692
232,Olag,Bradock,Child,1529
233,Elbert,Prando,Spouse,1601
234,Rhys,Yakolev,Child,886
234,Torr,Seefus,Child,1245
235,Morris,Costelloe,Spouse,965
235,Ly,Dyble,Child,1112
236,Guinna,Broune,Spouse,266
236,Kim,Abriani,Spouse,352
237,Lisha,Sigert,Spouse,562
237,Eada,Penbarthy,Spouse,944
238,Barret,Fawssett,Spouse,1843
238,Emelita,Eddleston,Spouse,1892
239,Fairfax,Addie,Child,1433
239,Evyn,Westgate,Spouse,1465
240,Gwenny,Channing,Child,1032
240,Witty,Bartzen,Child,1898
241,Shaina,Sames,Child,870
241,Gram,Peltz,Child,1094
242,Ema,Enevold,Child,1180
242,Rosabella,Melonby,Child,1871
243,Wylma,Glen,Child,969
243,Joshua,Lean,Child,2017
244,Annissa,O'Corr,Spouse,30
244,Tamara,MacCallester,Child,541
245,Constantine,Kellick,Spouse,1492
245,Renaud,Navaro,Child,1576
246,Tabatha,Donovin,Child,427
246,Sunshine,Cella,Spouse,960
247,Muire,Siemianowicz,Spouse,546
247,Constance,Jurczyk,Child,1738
248,Siobhan,Vonderdell,Spouse,85
248,Britt,Abramof,Spouse,1393
249,Natalya,Barrand,Spouse,242
249,Staci,Vieyra,Child,2067
250,Zondra,Gilman,Child,1288
250,Paton,Childes,Child,1601
251,Melly,Sexty,Spouse,377
251,Padraig,Hambrook,Child,1298
252,Kaleb,Rummer,Child,798
252,Caritta,McArthur,Spouse,1199
253,Vally,Exeter,Child,56
254,Lazarus,Allabarton,Spouse,690
254,Aidan,Streader,Spouse,789
255,Kiley,Rosenbaum,Child,399
255,Karl,Boick,Spouse,2129
256,Trixi,Mapston,Child,1138
256,Matthieu,Marriage,Spouse,1971
257,Simone,Goward,Child,499
257,Lelah,Bloom,Child,753
258,Barton,Breznovic,Child,440
258,Ruben,Shallo,Spouse,1833
259,Brandice,Clawsley,Spouse,659
259,Normie,Hurtado,Spouse,1597
260,Dredi,Dunaway,Child,943
260,Hillery,Meininger,Spouse,972
261,Sheelagh,Falkinder,Spouse,90
261,Tyrus,Torrent,Child,1590
262,Rosalie,Exeter,Child,540
262,Anastasia,Sponton,Spouse,1491
263,Ameline,Tooke,Spouse,1148
263,Dean,Perocci,Spouse,2075
264,Amble,Piet,Spouse,673
265,Talya,Goldhill,Child,1517
266,Evin,Welham,Child,403
266,Townsend,Pykerman,Child,2073
267,Saul,Gifford,Child,1236
267,Donnie,Lebbern,Child,1306
268,Mahmud,Yvens,Spouse,1090
268,Melantha,Broxup,Child,1161
269,Esme,Prescot,Spouse,40
269,Carmen,Braney,Child,94
270,Lark,Dilliway,Spouse,1606
270,Harold,Babst,Child,1617
271,Verney,Caro,Spouse,202
271,Trista,Leyland,Child,598
272,Jojo,Suero,Child,297
272,Lesly,St. Paul,Spouse,1776
273,Belia,Biasio,Child,798
273,Hyatt,Aspinall,Spouse,2056
274,Corenda,Crowley,Spouse,180
274,Muire,Gowanson,Child,1576
275,Kendre,Gwillyam,Spouse,193
275,Adella,Seeman,Child,793
276,Dody,Fausch,Child,1682
277,Waneta,Fillingham,Child,681
277,Eamon,Rissom,Spouse,1169
278,Jaynell,Pinckney,Spouse,998
278,Livia,Jeaffreson,Child,2101
279,Ferrel,Kelbie,Child,284
279,Jo ann,Jakoubek,Spouse,1608
280,Analise,MacElane,Child,443
280,Randy,Nesey,Child,1347
281,Elfrida,Graves,Spouse,621
281,Zuzana,Label,Child,1913
282,Jobina,Wallbank,Child,62
282,Rhoda,Syme,Child,219
283,Dodi,Bellchamber,Child,641
283,Katharine,Roscamps,Spouse,1642
284,Reina,Garrison,Child,2084
285,Zoe,Slym,Child,416
285,Vivian,Lennox,Spouse,1022
286,Brett,MacKellen,Child,540
286,Julee,Carter,Spouse,766
287,Jeannette,Dencs,Spouse,479
288,Cordi,Diamond,Spouse,1091
288,Jo-ann,Baniard,Spouse,1664
289,Clara,Clemenson,Child,165
289,Danice,Basili,Spouse,205
290,Retha,Saket,Child,88
290,Koren,Killeley,Spouse,1882
291,Ferdinand,Chastand,Child,779
292,Elsworth,McCrorie,Child,2
292,Adolph,Fraine,Child,518
293,Danyelle,Terrey,Child,365
293,Ferguson,Conneau,Spouse,1569
294,Wesley,Keets,Spouse,2058
295,Jannelle,Silvester,Spouse,1758
295,Nari,Brosenius,Child,2081
296,Blythe,Baglan,Spouse,626
296,Lisbeth,Oventon,Spouse,1700
297,Anne-corinne,McVicar,Child,659
297,Wit,Jodkowski,Spouse,1163
298,Galvin,Castello,Child,11
298,Neale,Mawdsley,Spouse,18
299,Shandra,Warters,Spouse,777
299,Sigmund,Harbron,Spouse,1884
300,Ethelbert,Lenney,Child,1951
301,Audi,Pierse,Child,1029
301,Maxim,Dowda,Spouse,1747
302,Humphrey,Grime,Spouse,538
302,Clare,Normington,Child,845
303,Erwin,Moultrie,Spouse,513
303,Charles,McKelvie,Child,1388
304,Ainslie,Arnatt,Spouse,554
304,Danyette,Fayter,Child,619
305,Ketti,Alanbrooke,Spouse,1679
305,Madelaine,Heatherington,Spouse,2034
306,Abelard,Swyer-Sexey,Child,1921
307,Rudd,Maskew,Child,154
307,Magnum,Allawy,Child,1147
308,Sanford,Kildale,Child,655
308,Alexandrina,Morstatt,Spouse,1294
309,Nealy,Duplock,Spouse,324
309,Alisa,Boorer,Child,582
310,Gardy,Harg,Child,420
310,Maisey,Bruckenthal,Spouse,851
311,Ellynn,Kermitt,Spouse,656
311,Vivie,Shankster,Spouse,1253
312,Simmonds,Kilby,Spouse,969
312,Daffy,Latimer,Child,1131
313,Shea,Wimbury,Child,1661
314,Rand,Kettlesting,Spouse,1179
314,Finley,Carpenter,Child,1872
315,Dosi,Swindle,Child,702
315,Anderson,Halliberton,Child,1143
316,Mavra,Cramer,Child,757
316,Viki,Francisco,Spouse,1419
317,Mort,Jolly,Spouse,38
317,Dirk,Rozanski,Spouse,2078
318,Robert,Jennens,Child,1824
318,Bill,Garwill,Spouse,2065
319,Arlen,Hartlebury,Child,1051
319,Lindsey,Thonger,Child,1526
320,Delmer,Salmon,Child,557
320,Stanley,Quarrell,Spouse,2006
321,Chadd,Guttridge,Child,1882
322,Derick,Camacho,Spouse,22
322,Elisa,Brisker,Spouse,396
323,Tabitha,Deniseau,Child,210
324,Dominic,Peyton,Child,1695
324,Shina,Barton,Spouse,1743
325,Bobbette,Lovett,Child,922
326,Arman,Crewdson,Spouse,127
326,Glenine,Stitch,Spouse,368
327,Clim,Lorenzin,Spouse,1800
327,Abel,Gaudin,Child,1917
328,Clywd,Ogborn,Child,545
328,Tierney,Trinke,Child,574
329,Evangelin,Falcus,Child,1115
329,Ardith,Manilo,Spouse,1251
330,Monroe,Hourstan,Spouse,33
330,Talbot,Tomsu,Child,508
331,Randene,Farnham,Child,2
331,Gretal,Frensch,Spouse,1235
332,Nolana,Loch,Spouse,552
332,Helen-elizabeth,Carnaman,Spouse,1433
333,Sharleen,Worman,Spouse,1308
334,Jeanelle,McKissack,Child,378
334,Lenee,Redhills,Spouse,770
335,Mortie,D'Avaux,Child,529
335,Randy,Atwool,Spouse,1755
336,Kari,Tallman,Spouse,141
336,Nicolas,Chidgey,Spouse,1605
337,Mattias,Hulatt,Child,1138
337,Mair,Cancellario,Spouse,1314
338,Leigh,Castilla,Spouse,1701
338,Corbin,Banks,Child,1895
339,Karoly,Maddams,Child,1298
339,Peggie,Braker,Spouse,1862
340,Amby,Lewer,Spouse,372
340,Portia,McGibbon,Child,1742
341,Maybelle,Bursell,Spouse,471
341,Lyell,Clerc,Child,652
342,Jo-anne,Curwen,Spouse,122
342,Clarence,Phizackarley,Spouse,1864
343,Lark,Vivyan,Child,228
344,Erasmus,Suddock,Spouse,190
344,Denys,Linden,Child,1984
345,Marrissa,Esposi,Child,1553
346,Christyna,Braunter,Spouse,391
346,Griselda,Jelkes,Child,512
347,Packston,Pollie,Child,540
347,Clary,MacGruer,Spouse,1962
348,Tremain,Heavyside,Spouse,1837
348,Billi,Treadway,Spouse,2108
349,Nonah,Heys,Child,1647
349,Opal,Glasscott,Child,1696
350,Gauthier,Jockle,Spouse,665
351,Brennen,Parysowna,Child,1385
351,Morris,Dayne,Spouse,1404
352,Chelsae,Camel,Child,628
352,Isabeau,Rexworthy,Child,1457
353,Annaliese,Dudleston,Child,910
353,Annissa,Hellens,Child,1988
354,Venita,Trusler,Spouse,1094
354,Lanita,McCrorie,Spouse,1958
355,Yorgo,Roebottom,Child,1539
355,Gerda,Woonton,Spouse,1615
356,Andreas,Abbot,Spouse,1558
357,Gretel,Baldassi,Child,632
357,Fayina,Isherwood,Spouse,797
358,Mellie,Stamp,Child,350
358,Carolynn,Chessil,Spouse,1848
359,Armin,Vasyutkin,Spouse,63
359,Sherman,Eltone,Child,1333
360,Dolf,Pala,Child,652
360,Warren,ooatherill,Spouse,1839
361,Wilhelm,Oliphand,Child,1607
361,Nickolaus,Cridland,Child,1759
362,Thatcher,Pollok,Child,49
362,Griff,Docksey,Spouse,542
363,Joane,Rupp,Child,1167
363,Vivi,Madison,Spouse,1999
364,Garnette,Medwell,Spouse,1945
365,Kermy,Vigars,Spouse,1518
365,Estell,Fowley,Spouse,1592
366,Caralie,Yoseloff,Child,812
366,Ilyssa,Gruby,Spouse,2011
367,Foss,Ruane,Child,96
367,Violette,Grouse,Child,1227
368,Rossie,Tutchell,Spouse,437
368,Hannis,Lowles,Child,1304
369,Polly,Runnalls,Spouse,389
369,Cinderella,Menlove,Spouse,449
370,Reggie,Gill,Spouse,507
370,Olag,Boydell,Child,2100
371,Deva,Whitwam,Child,610
371,Berny,Meddick,Child,1119
372,Jeannine,Eastby,Child,1534
372,Theresa,Racine,Spouse,1797
373,Egan,Oddy,Child,198
373,Miguel,McGrail,Spouse,728
374,Lisette,Creek,Child,618
374,Willette,Rizzini,Child,2095
375,Rafaello,Arnault,Child,258
375,Donna,Kits,Child,1227
376,Dev,Westwood,Spouse,566
376,Townie,Rabbitts,Child,1145
377,Geri,Bonhan,Child,318
377,Kittie,Gatley,Spouse,1136
378,Gregg,Dearnly,Child,1560
378,Chev,Cromblehome,Spouse,2008
379,Gael,Basini-Gazzi,Spouse,856
379,Boyd,Proudman,Child,1757
380,Nan,Seaton,Spouse,1116
381,Sean,Morriarty,Spouse,669
381,Annadiane,Echallie,Spouse,1494
382,Vittorio,Goodee,Child,500
382,Leigha,Clucas,Spouse,1303
383,Milicent,Standon,Child,418
383,Bartholomeus,Brittian,Child,2133
384,Nehemiah,Rubinow,Child,545
384,Alaine,Crowther,Child,601
385,Merci,Curran,Child,744
385,Shara,Barthel,Child,1596
386,Celia,Fuzzey,Spouse,267
386,Stevy,Swaden,Child,790
387,Had,Vallintine,Child,1002
387,Fifine,Winfrey,Child,2003
388,Olvan,Leonard,Child,1122
388,Cal,Oakeshott,Child,2136
389,Jermayne,Pietruszka,Child,962
389,Stuart,Sickamore,Spouse,1474
390,Adiana,Bewshea,Child,537
390,Darren,Guillotin,Child,964
391,Gertruda,Crome,Child,453
391,Cecil,Brislawn,Spouse,1789
392,Madella,Jellis,Child,113
393,Mary,Woolerton,Spouse,617
393,Giselle,Wilkennson,Child,693
394,Becky,Huffadine,Child,91
394,Angelika,Rawdales,Child,1016
395,Jerrome,Spykings,Child,70
395,Lucila,Harsnipe,Child,2000
396,Janek,Wolfer,Spouse,701
397,Trixi,Pattlel,Spouse,147
397,Kesley,Mosson,Spouse,1445
398,Eveleen,Pucknell,Child,20
398,Ozzy,Cyster,Spouse,1928
399,Brigitte,Warriner,Spouse,839
399,Neddy,Brothers,Child,1283
400,Barbaraanne,Garatty,Child,1365
400,Derry,Dwire,Spouse,1832
401,Zollie,Danihel,Child,578
401,Biddy,Danilenko,Spouse,2018
402,Caro,Lagneaux,Child,388
402,Kassia,Vassel,Child,477
403,Denis,Spindler,Spouse,349
403,Redford,Epsley,Spouse,1470
404,Gennifer,Heartfield,Spouse,204
404,Brion,MacDunlevy,Spouse,446
405,Richie,Crop,Child,212
406,Abra,Poston,Child,1031
406,Cosetta,Brawson,Spouse,2091
407,Morley,Dechelette,Child,515
407,Johnette,Klagges,Spouse,863
408,Lotte,Escritt,Child,1272
408,Hulda,Fernando,Child,2053
409,Shelli,McCotter,Child,1124
409,Joshuah,Ivancevic,Child,1471
410,Hetty,Rutter,Child,1496
410,Dirk,Glavis,Spouse,1972
411,Chantal,Hulke,Child,418
411,Addi,Umney,Child,1537
412,Adolphe,Sahnow,Child,201
413,Dona,Whawell,Child,624
413,Aprilette,Gunther,Spouse,1257
414,Germaine,McCowan,Child,674
414,Bertram,Sweeten,Spouse,1256
415,Cammie,Allibon,Spouse,532
415,Delcina,Ansett,Spouse,1762
416,Rossy,Risbridge,Child,782
416,Kerk,Walstow,Child,1101
417,Marla,Wetherell,Child,1261
417,Ludvig,Cram,Child,1530
418,Lorilyn,Valde,Child,450
418,Laure,Tomaszek,Spouse,1500
419,Angy,Vasyukhnov,Child,214
419,Benito,Budd,Child,1068
420,Babbette,Kupker,Spouse,303
420,Erwin,Ruddy,Child,757
421,Cass,Penelli,Spouse,154
421,Angel,Dreger,Spouse,1068
422,Joya,Yandle,Child,300
422,Noak,Corselles,Child,708
423,Brannon,Aslum,Child,632
423,Sloane,Navaro,Child,1958
424,Noella,Ashbey,Child,790
424,Silvana,Hakonsson,Spouse,1143
425,Rufus,Eckersall,Child,122
425,Justinian,Valentinuzzi,Child,1567
426,Marty,Sibbit,Spouse,529
426,Siusan,Gorst,Child,1360
427,Asa,Hanstock,Child,1479
427,Lanni,Culp,Child,1499
428,Husain,Garaway,Spouse,1078
429,Lindsay,Kenward,Child,878
430,Florrie,Sykes,Child,1668
430,Abeu,Scohier,Child,1914
431,Chad,Stive,Child,345
431,Allina,Lanston,Child,345
432,Edmund,Bolino,Child,218
432,Gaultiero,M'Quharg,Child,612
433,Lucita,Mallock,Spouse,310
433,Hamel,Sarle,Spouse,1670
434,Ralf,Paulo,Child,230
434,Daphna,Mealiffe,Child,1660
435,Terrye,Vickarman,Child,832
435,Robbin,Melross,Child,1800
436,Dela,Le Galle,Child,722
436,Dotti,Shevlane,Child,1390
437,Maighdiln,Wyllcocks,Child,1237
437,Marya,Blaiklock,Child,1983
438,Sammy,Learmont,Child,547
438,Suzette,McGreay,Spouse,1316
439,Grover,Dominetti,Child,581
439,Ashlie,Orknay,Spouse,679
440,Reagen,Bernade,Child,494
441,Lesly,Tamblingson,Child,354
441,Elenore,Summers,Child,1233
442,Fidela,Benduhn,Spouse,482
442,Paquito,Bramall,Spouse,953
443,Jedediah,Olivetti,Spouse,649
444,Chelsie,Skews,Child,284
444,Nanete,Beaven,Child,519
445,Stanleigh,Ballintime,Child,502
445,Sula,Anthill,Spouse,1216
446,Conant,Tarzey,Spouse,365
446,Crystal,Batchley,Spouse,433
447,Daphna,Slafford,Child,418
447,Pamela,Shevell,Spouse,1210
448,Dione,Glanz,Spouse,1106
448,Rodge,Feasey,Child,1501
449,Christopher,Hoffner,Spouse,112
449,Eleonore,Whitechurch,Child,663
450,Shem,Oldfield,Spouse,582
451,Suzie,Alcoran,Child,1360
451,Barrett,Pickerill,Child,2043
452,Berna,Odeson,Child,925
452,Carlee,Elston,Child,2092
453,Doti,Kilgrove,Child,1234
453,Lamar,aManger,Child,1933
454,Roma,Chalmers,Spouse,2052
455,Farlee,Ruggiero,Child,66
455,Brett,Beney,Spouse,1081
456,Norry,Westhoff,Spouse,1754
456,Lesly,MacCrachen,Child,2079
457,Staci,Dowthwaite,Spouse,490
457,Abran,Cupitt,Spouse,1452
458,Israel,Scarratt,Child,24
458,Ermina,Leal,Spouse,79
459,Claudelle,Cowlas,Child,478
459,Otto,Meaking,Spouse,510
460,Carrol,Henfre,Child,606
460,Sabina,Morena,Spouse,2033
461,Margret,Jouhning,Child,131
461,Gabriele,Whiterod,Child,878
462,Tim,Pearn,Child,859
462,Chuck,Binton,Spouse,1960
463,Silvia,Farens,Spouse,937
463,Jodee,Reasun,Child,1468
464,Demetra,Demaid,Child,834
464,Renae,Rozec,Spouse,1085
465,Erica,Paye,Spouse,1710
465,Langsdon,Darcey,Child,2016
466,Peder,D'Hooge,Child,315
466,Rosabelle,Peasee,Spouse,1289
467,Dulcia,Duncklee,Child,1267
468,Elton,Jennick,Child,968
468,Corabelle,Monday,Spouse,1761
469,Nari,Stebles,Child,160
469,Billye,Zohrer,Child,1528
470,Hermione,Whyman,Child,256
470,Orion,Stodd,Child,692
471,Reggi,Plail,Spouse,1723
471,Michal,Gaskoin,Child,1901
472,Berkie,Stuckford,Child,1068
472,Kristien,Pond-Jones,Child,1370
473,Wilmar,Leupoldt,Spouse,607
473,Kaja,Kittel,Spouse,1578
474,Tatiania,Dany,Spouse,740
474,Holly,Wallbanks,Child,1134
475,Emmey,Furse,Spouse,142
475,Farra,Fellibrand,Spouse,982
476,Shari,Muggleton,Spouse,75
476,Anetta,Neylon,Child,1780
477,Tori,Linn,Child,1645
477,Karlik,Beardsworth,Child,1841
478,Wilfrid,Garlette,Child,169
478,Oliviero,Stops,Spouse,1458
479,Anna-diane,Davison,Child,983
480,Stacy,De Paepe,Child,1793
481,Andrej,Maddox,Child,16
481,Akim,Cund,Child,1844
482,Gilberta,Bladesmith,Spouse,1035
482,Magdalene,Jzak,Spouse,1160
483,Vania,Matevosian,Child,725
483,Cory,Neeson,Child,941
484,Frants,Sheers,Spouse,198
484,Hilary,Prandoni,Child,1235
485,Siouxie,Tatton,Spouse,662
485,Katee,McKeowon,Child,1268
486,Mac,Mogra,Spouse,1589
486,Curran,McKelvey,Child,1632
487,Vic,Syce,Spouse,160
488,Victor,Ruzic,Child,1916
489,Eustacia,Morfett,Spouse,177
489,Lorene,Mallon,Child,874
490,Brigham,Elmhirst,Child,852
490,Minor,Dinsey,Spouse,1594
491,Thomas,Josephy,Child,429
491,Rosaleen,Le Teve,Child,939
492,Ina,Over,Spouse,493
492,Ruddy,Montgomery,Spouse,739
493,Jermaine,Haddleston,Spouse,1630
493,Lynnelle,Luc,Spouse,1865
494,Lenora,Curness,Spouse,1646
495,Seamus,Scimonelli,Child,563
495,Siana,Schafer,Child,1179
496,Cletus,Carnock,Spouse,643
496,Shepperd,Tremathack,Child,1607
497,Gillie,Dufoure,Spouse,294
497,Daryl,Bemrose,Child,911
498,Marlena,Longley,Child,885
498,Antony,Hecks,Spouse,1895
499,Jillayne,Dilley,Child,618
499,Hattie,Greenmon,Spouse,1406
500,Polly,Orhtmann,Child,542
500,Armand,Orrill,Spouse,1908
501,Brian,Broughton,Child,10
501,Minne,Ware,Spouse,2127
502,Aharon,Kyngdon,Child,511
502,Joanne,Minchindon,Child,1861
503,Eleonore,Scotting,Child,1725
504,Bryce,Birchwood,Spouse,575
504,Norbie,Rubi,Child,698
505,Chico,Burhill,Child,201
505,Jamaal,Myderscough,Spouse,2089
506,Abbye,Rafter,Spouse,528
506,Evangelina,Demonge,Child,1794
507,Tansy,Madelin,Spouse,1164
507,Mabelle,Norrey,Spouse,1185
508,Keelby,Maitland,Spouse,104
508,Whittaker,Mixon,Spouse,1092
509,Billie,Theobald,Spouse,1013
509,Hyacinth,Winspurr,Spouse,1773
510,Joshia,O'Flaherty,Child,390
511,Daffi,Mc Pake,Child,917
511,Kory,Ottey,Spouse,1150
512,Bridget,Malek,Child,38
513,Godard,Savin,Child,875
513,Hillyer,Arminger,Child,1691
514,Jacquelin,Shank,Child,731
514,Geralda,Wescott,Spouse,1287
515,Janene,Govenlock,Spouse,1765
515,Sher,Mityakov,Spouse,2107
516,Sandi,Romagosa,Child,227
516,Ly,Parffrey,Spouse,1449
517,Lewiss,Veevers,Child,1109
517,Mechelle,Brantzen,Spouse,1702
518,Addy,Arundel,Spouse,486
518,Lurline,McGriffin,Child,1365
519,Desmund,Garrison,Spouse,106
519,Lance,Brunet,Child,1068
520,Carson,Battram,Spouse,263
520,Adelaida,Getty,Spouse,852
521,Goddard,Scimonelli,Spouse,173
521,Chad,Curedale,Child,2137
522,Morton,Audiss,Spouse,1126
522,Pauly,Duesbury,Spouse,1599
523,Malena,Heynel,Spouse,279
523,Rozalin,Tissell,Child,649
524,Alexi,Painten,Child,1354
524,Clarinda,Coster,Child,1449
525,Herschel,Ginglell,Spouse,245
525,Francesca,O'Crotty,Child,332
526,Albertine,Dymick,Child,534
526,Derrek,Tabbernor,Child,1186
527,Gideon,Clinch,Spouse,1114
527,Shayna,Befroy,Child,1640
528,Allianora,Hanshaw,Child,1180
529,Martie,Askin,Child,138
530,Sampson,Hellewell,Spouse,692
530,Astrix,Gotts,Child,1756
531,Laina,Beausang,Spouse,452
531,Lavena,Tottem,Child,1839
532,Amalie,Bernardeau,Child,64
532,Mort,Mountain,Child,717
533,Riva,Brecknall,Spouse,715
533,Kimmie,Sibbs,Child,1419
534,Danella,Tarbert,Spouse,286
534,Fanchette,Mintoff,Spouse,1292
535,Percy,Noddings,Spouse,1135
535,Thornie,Eastway,Spouse,1560
536,Denney,Pawlata,Child,527
537,Rutledge,Fibbit,Spouse,1790
538,Lovell,Morrish,Child,54
538,Flinn,Wickie,Spouse,1711
539,Basil,Keelin,Child,1582
539,Darline,Marqyes,Child,2121
540,Aloin,Tenpenny,Spouse,904
540,Deidre,Benneton,Spouse,2057
541,Tomi,Smyth,Child,669
541,Gretchen,Parken,Child,1146
542,Millard,Sainz,Child,241
542,Ruy,Lysons,Child,553
543,Birch,Hamsley,Spouse,281
544,Jeth,Farquhar,Spouse,341
544,Gerladina,L'Amie,Spouse,896
545,Jimmy,Heustice,Child,270
545,Bartolomeo,Elstow,Child,1138
546,Gaynor,Domb,Spouse,432
546,Kerri,Erskine Sandys,Child,1087
547,Devondra,Harlow,Spouse,222
548,Sharl,Jacquest,Spouse,544
548,Mohammed,Benstead,Spouse,1190
549,Joletta,MacPadene,Child,611
550,Lin,Andrusyak,Child,850
550,Vivyan,Bogart,Child,1350
551,Tremayne,Lammers,Child,742
551,Bernadette,Greder,Spouse,1759
552,Inez,MacCole,Child,70
552,Querida,Loyndon,Spouse,794
553,Willard,Kinworthy,Spouse,1234
554,Raimund,Hyndman,Spouse,977
554,Darcee,Keddy,Child,1721
555,Dex,Dunleavy,Child,918
556,Hildagarde,Rousel,Spouse,11
556,Sydney,Beagen,Child,577
557,Leonardo,Tern,Child,1328
558,Jenda,Tresise,Spouse,171
559,Sherwood,Titman,Child,1066
559,Biddie,Janicek,Spouse,2001
560,Richy,Joscelyn,Spouse,1058
560,Orlan,Custy,Child,1152
561,Lazar,Bernette,Child,1374
562,Corrianne,Schurcke,Child,48
563,Bord,Pitblado,Child,596
563,Thornton,Tailby,Child,925
564,Delcina,Jindacek,Child,1217
564,Datha,Dawidowitz,Child,1842
565,Winona,Drust,Child,589
565,Shayla,Deas,Child,1777
566,Anson,Lyman,Child,385
566,Grayce,Cancott,Spouse,1885
567,Chelsea,Copcote,Child,315
567,Allison,Huguenet,Spouse,1305
568,Adel,Ibbott,Child,407
568,Homer,Alessandrucci,Spouse,2037
569,Brittan,Faires,Child,516
569,Spencer,Lynn,Spouse,1261
570,Jessey,Veitch,Child,1114
570,Angela,Rollin,Spouse,1359
571,Baldwin,Thairs,Spouse,473
571,Clement,MacMechan,Child,1714
572,Bevon,Dettmar,Spouse,1087
573,Sonnie,Cianni,Spouse,1137
574,Sondra,Pantling,Child,1497
574,Lurlene,Mosco,Child,1826
575,Sasha,Broxis,Child,1751
575,Sullivan,Maddox,Child,1913
576,Filide,Bradtke,Spouse,1810
577,Delila,Paaso,Spouse,20
577,Teri,Le Marquand,Child,1663
578,Bjorn,Euplate,Spouse,1247
578,Christy,Stanley,Spouse,1871
579,Saunder,Tock,Spouse,1102
579,Georges,Ferretti,Child,2094
580,Gardie,Jamary,Spouse,791
580,Mattie,Coping,Spouse,2087
581,Reeba,Durn,Spouse,239
582,Man,Trunchion,Spouse,1510
582,Deloris,Runchman,Spouse,1976
583,Marlowe,Sizland,Child,1770
583,Lenna,Ive,Child,1967
584,Halli,Copeland,Spouse,1920
585,Stephani,Rubinsohn,Spouse,803
585,Brody,Hurley,Child,1767
586,Artur,Rowet,Spouse,943
587,Catrina,Ullock,Child,1850
587,Neal,Pittoli,Spouse,1874
588,Bordie,Hassett,Child,1066
588,Debee,Heaysman,Child,1734
589,Jolie,Stannion,Child,743
589,Geno,Yitzhok,Child,851
590,Mark,Akister,Spouse,981
590,Timothy,Dassindale,Spouse,1725
591,Ashli,Flowith,Spouse,118
591,Jeremiah,Ferrero,Child,417
592,Janos,Langton,Child,535
592,Zorah,Hume,Spouse,861
593,Sallyann,Skipping,Child,128
593,Silvester,Huxtable,Spouse,1352
594,Karen,Phillp,Spouse,1495
595,Zitella,Rapin,Spouse,718
595,Tasia,Creasey,Child,1846
596,Diana,Normanvill,Spouse,568
597,Olly,Garrish,Child,496
597,Vivi,Maber,Spouse,1389
598,Dillie,Timoney,Child,122
598,Tessy,Padefield,Spouse,1739
599,Stan,Lemmon,Spouse,980
599,Haskel,Rosenbarg,Child,1479
600,Amalle,Molson,Spouse,1373
600,Lynde,Earwicker,Spouse,1475
601,Arliene,Dunican,Spouse,1686
602,Eveleen,Lawrenceson,Child,443
603,Mischa,Ivanenkov,Child,934
603,Gayelord,Gadie,Child,1976
604,Kermit,McQuirk,Child,574
604,Dedie,Fritzer,Spouse,1530
605,Hattie,Moye,Spouse,174
605,Roslyn,Chevis,Spouse,570
606,Olwen,Stearne,Child,1467
606,Loralee,Peggs,Spouse,1515
607,Kilian,Keson,Child,398
607,Jobi,Dafforne,Child,1985
608,Chelsey,Osman,Child,945
608,Rafael,La Grange,Child,1028
609,Aldin,Pearlman,Child,325
609,Victor,Matteoli,Spouse,1507
610,Willette,Adamo,Spouse,318
611,Nolana,Van Arsdall,Child,696
611,Allard,Burmingham,Spouse,1098
612,Laureen,Peto,Spouse,195
612,Parker,Warbey,Spouse,354
613,Beatrisa,Dwire,Child,862
613,Sephira,Caunce,Spouse,1564
614,Bennie,Batey,Spouse,1858
615,Ralph,Heggadon,Spouse,487
615,David,Peasnone,Spouse,1831
616,Tadeas,Willson,Child,701
616,Hagan,Messent,Spouse,1187
617,Chelsy,Rolls,Spouse,1712
617,Lyon,Elford,Child,1745
618,Alden,Taffrey,Spouse,1075
618,Gabbie,Brampton,Spouse,1880
619,Modestia,Dorran,Child,1420
619,Rayshell,Possell,Spouse,1443
620,Storm,Hainsworth,Spouse,348
620,Gardner,Molloy,Spouse,746
621,Ferris,Crosier,Spouse,1841
621,Jere,Satchell,Child,2076
622,Doris,Westoff,Spouse,688
622,Walt,Trineman,Child,1365
623,Kandy,Bayley,Spouse,985
623,Kylila,McIvor,Child,1547
624,Osgood,Legon,Spouse,585
624,Yoshi,Cardenas,Child,1055
625,Gav,Essam,Spouse,262
625,Tracee,Pickover,Child,1380
626,Elton,Gladden,Child,211
626,Leisha,Collinette,Spouse,931
627,Seamus,Kiezler,Child,680
627,Dallas,Southerton,Child,1042
628,Ianthe,Halvorsen,Child,880
629,Perla,Timbridge,Child,474
629,Ethelda,Jago,Child,2062
630,Almire,Kinchington,Child,783
630,Irma,Fourman,Child,988
631,Christen,Stanney,Child,831
631,Archaimbaud,Neno,Spouse,1463
632,Anestassia,Minocchi,Spouse,57
632,Egon,Flintoff,Child,1646
633,Shoshanna,Howard,Spouse,296
633,Mureil,Grzeszczyk,Child,1319
634,Lia,Mawhinney,Spouse,844
635,Phyllida,Brezlaw,Child,421
636,Clarke,Mucklow,Spouse,34
636,Tait,Ball,Spouse,918
637,Ezequiel,Goracci,Spouse,700
638,Fawne,Aizlewood,Child,719
638,Kelly,Studdeard,Spouse,1074
639,Ford,Coulter,Spouse,249
639,Shelia,Lines,Spouse,1447
640,Kimmy,Redd,Spouse,667
640,Adore,Newlyn,Spouse,735
641,Nehemiah,Kaesmans,Child,467
642,Byrom,Challenger,Child,663
642,Tedmund,Charkham,Spouse,1721
643,Loise,Goodright,Spouse,1387
643,Moselle,Southcombe,Child,1873
644,Noreen,Balam,Child,190
644,Izzy,Gregore,Spouse,776
645,Harbert,Pinckard,Spouse,1372
645,Sapphire,Vivers,Spouse,1411
646,Viviyan,Stallworthy,Spouse,425
646,Joy,Knocker,Child,1032
647,Alberta,Ramshaw,Child,361
647,Glynis,O'Scandall,Child,698
648,Linell,Pentelow,Spouse,1689
650,Elihu,Gladbeck,Child,1181
650,Rosamond,Dunton,Child,1295
651,Junina,Fairey,Spouse,1405
651,Easter,Campana,Child,1911
652,Dimitry,De Lasci,Spouse,622
653,Leandra,Youson,Child,2037
653,Steffen,Elsmore,Child,2059
654,Darelle,Bricksey,Spouse,1442
655,Galvan,Hennemann,Child,39
656,Doe,Torrisi,Spouse,186
656,Dianne,Ledwidge,Spouse,1778
657,Lannie,Formoy,Child,1866
657,Rayner,Giametti,Child,2118
658,Darren,Lecky,Spouse,1017
658,Bernhard,Burgis,Spouse,1489
659,Les,Bushell,Child,1338
659,Roxi,Adnet,Child,1450
660,Damaris,Hinkley,Child,117
660,Charin,Muffin,Child,1609
661,Hendrika,Olver,Spouse,765
661,Neill,Beeden,Spouse,2045
662,Alta,Crabtree,Spouse,1657
662,Nadeen,Patrono,Spouse,2023
663,Brod,Snoddin,Spouse,733
663,Raymond,Colquhoun,Child,1977
664,Julissa,Meo,Spouse,1132
664,Todd,Fawdry,Child,1893
665,Justus,Blare,Spouse,619
665,Hussein,Skea,Child,1484
666,Minta,Benion,Spouse,872
666,Bill,Giovannacci,Spouse,1751
667,Bibbie,Boakes,Spouse,1321
667,Lola,Martignon,Child,1601
668,Yuri,Farahar,Child,119
668,Arluene,Kment,Spouse,1277
669,Luise,Fernando,Child,107
669,Johnna,Beuscher,Child,787
670,Arabelle,Emslie,Child,160
670,Jessalyn,Foresight,Spouse,1079
671,Idalia,Bromidge,Spouse,736
671,Claiborn,Crawcour,Child,2130
672,Duncan,Gremain,Child,1011
672,Ralina,Easeman,Spouse,1504
673,Florencia,Demcak,Spouse,32
673,Dur,Jeenes,Spouse,1511
674,Allegra,Seabridge,Spouse,212
674,Barnebas,Caizley,Spouse,1952
675,Montague,Pighills,Child,687
676,Betti,Wilderspoon,Child,1807
677,Gwenette,Roughey,Child,443
677,Sheryl,Baroche,Child,1715
678,Ali,Chaucer,Child,96
678,Rudyard,Holliar,Child,1538
679,Christine,Gledhill,Child,812
679,Kristyn,Fife,Child,887
680,Jayson,Eisig,Child,257
680,Donnie,Goodban,Child,638
681,Rabbi,Janecek,Child,1134
681,Morry,Everal,Spouse,1331
682,Alanna,Sainte Paul,Child,1099
683,Donalt,Parncutt,Spouse,1063
683,Karrah,Thomelin,Spouse,1301
684,Georgeanna,Anten,Child,1736
684,Donn,Wickenden,Spouse,2131
685,Bryna,Grishukhin,Child,696
685,Drusilla,Gatesman,Child,1565
686,Talbert,Walkingshaw,Spouse,223
686,Gabey,Fairburne,Child,1717
687,Breanne,Devenny,Spouse,475
687,Bruno,Dumphry,Spouse,864
688,Easter,Aleixo,Child,443
688,Cchaddie,Jonsson,Child,650
689,Maynard,Grigoire,Child,420
690,Dulsea,Hazell,Child,931
690,Pammi,Pouck,Child,1575
691,Malcolm,Caitlin,Spouse,515
691,Davidson,Miebes,Child,1976
692,Gavin,Langtree,Child,263
693,Tori,Fountian,Spouse,235
693,Connie,Cressy,Child,1426
694,Melantha,Jurasz,Child,45
694,Tallia,Lilburn,Child,305
695,Andras,Merrydew,Child,1226
695,Stefa,Levesley,Child,2067
696,Wanids,Slixby,Child,1937
696,Christan,Siley,Child,2082
697,Helena,Klaggeman,Child,2024
698,Karleen,Harlowe,Spouse,652
698,Alina,Brotherick,Child,2053
699,Vikki,Brooker,Spouse,327
699,Vanessa,Jacqueminot,Spouse,1502
700,Alisha,Cowern,Child,143
700,Dorothea,Parncutt,Spouse,1483
701,Parsifal,Chaldecott,Child,988
702,Madge,Esh,Spouse,1093
702,Ferdinand,Blanpein,Child,1798
703,Scarlet,Besnardeau,Spouse,525
704,Xena,Kirmond,Child,59
704,Svend,Rasor,Child,87
705,Venus,Roux,Child,44
706,Madelin,Barnshaw,Child,137
708,Virgie,Strain,Child,1007
709,Yalonda,Lumly,Spouse,1622
709,Jeanie,Vamplers,Child,1934
710,Blondelle,Stanyforth,Child,221
711,Bellina,Klewi,Child,742
711,Darcie,Hamments,Spouse,1488
712,Isahella,Oubridge,Child,1195
712,Catriona,Grissett,Spouse,1583
713,Alicea,Wraggs,Spouse,156
713,Herminia,Sagrott,Spouse,1696
714,Rozalie,Whife,Child,642
714,Jonathon,Gammett,Child,1916
716,Frayda,Moorey,Spouse,917
716,Joannes,Mewha,Child,1465
717,Megen,Gregh,Spouse,1378
717,Stephi,Mahaddy,Spouse,1936
718,Skye,Snodden,Spouse,1397
719,Bernhard,Leighton,Child,1290
719,Cathee,Cuel,Spouse,2083
720,Moll,Squier,Child,418
720,Silvanus,Searchwell,Child,1148
721,Christal,Eliaz,Spouse,846
721,Zara,Bottrell,Child,1386
722,Gail,Bumby,Spouse,1872
723,Kirstyn,Bullier,Child,384
723,Gaven,Domingues,Child,1193
724,Quentin,Bazoge,Child,982
724,Ward,Lowdiane,Child,1353
725,Irving,Hoggan,Child,25
725,Kipp,Bavidge,Child,1221
726,Justus,McGow,Spouse,307
726,Ingaberg,Mabee,Child,1637
727,Daphene,Doddrell,Child,555
727,Aindrea,Custy,Child,1906
728,Una,Aitken,Spouse,158
729,Albrecht,Mohan,Spouse,272
729,Teresa,Pigney,Child,2001
730,Ali,Pettman,Child,518
730,Leo,Olwen,Child,556
731,Verge,Dancer,Spouse,87
731,Cathee,Stredwick,Child,790
732,Bentlee,Palluschek,Child,391
732,Gothart,MacKeeg,Spouse,1108
733,Ardelle,Koppe,Spouse,351
733,Sarina,Rolin,Child,863
734,Gabriello,Bronot,Child,1487
734,Farlee,Gourlie,Child,1735
735,Janela,Bertenshaw,Child,82
735,Nester,Glanvill,Spouse,754
736,Celesta,Plaice,Spouse,1217
736,Pierrette,Dils,Child,1369
737,Leighton,Wiskar,Child,1822
738,Lowrance,Matthiae,Spouse,73
738,Alfie,Bethel,Child,96
739,Cecile,Dow,Child,1749
739,Oliy,Gaenor,Spouse,2118
740,Alvin,Routham,Child,1084
740,Mariellen,Drohan,Child,1410
741,Karil,Claussen,Child,1610
742,Opal,Swalough,Spouse,2032
743,Yul,Pickworth,Spouse,727
743,Ibby,Dillingstone,Child,1014
744,Tory,Fanthom,Child,471
745,Ivory,Antecki,Spouse,1159
745,Astrix,Cardenoso,Child,1319
746,Nicholas,Babon,Spouse,561
746,Aloise,Bremeyer,Child,1572
747,Freemon,Mufford,Spouse,1050
747,Andrey,Hetterich,Spouse,1995
748,Templeton,Jeannard,Child,609
748,Jerri,MacPaden,Child,866
749,Cami,Grishin,Spouse,1544
750,Steward,Giveen,Child,1167
750,Alleyn,Kerwen,Spouse,1306
751,Travus,Maggill'Andreis,Spouse,232
751,Tildie,Malby,Child,1959
752,Cariotta,Norquay,Child,508
752,Candra,Threadgall,Child,1974
753,Venita,Kitchingman,Child,446
753,Kimball,Beartup,Spouse,1914
754,Viv,Carrivick,Spouse,311
755,Dionne,Oakenfield,Child,430
755,Gage,Patchett,Child,1200
756,Dell,McCambrois,Child,928
756,Terrill,Lavell,Child,1667
757,Dasi,Hamill,Spouse,124
757,Raf,Gueny,Child,2085
758,Mollee,Francescoccio,Spouse,175
758,Neils,Nolli,Child,221
759,Glenda,Pedersen,Spouse,8
759,Gabi,Milesop,Spouse,2027
760,Cissiee,Tringham,Child,357
761,Homere,Mattocks,Child,1789
762,Lind,Cankett,Spouse,511
762,Glynnis,Brockhurst,Child,624
763,Davita,Loseby,Child,746
764,Alastair,Moughton,Child,1170
764,Tammy,Moyler,Child,1400
765,Hatty,Luipold,Spouse,414
765,Katharyn,Kenryd,Spouse,1987
767,Baldwin,Thomkins,Child,1024
767,Bailey,Klimkowski,Child,1466
768,Eleanora,Tuley,Spouse,76
769,Ivonne,Spare,Spouse,84
769,Olin,Ivanovic,Child,228
770,Jacobo,Skillern,Child,498
770,Venita,Gosnall,Spouse,1538
771,Jania,Middlehurst,Child,864
771,Vail,Beausang,Child,2023
772,Leila,Breffitt,Spouse,963
772,Kip,Constantine,Spouse,1009
773,Gerard,Riddett,Child,1574
773,Carmella,Dowzell,Spouse,1827
774,Margaretta,Aksell,Child,297
774,Giulio,MacCleod,Child,793
775,Randolf,Chat,Spouse,723
775,Chucho,Worssam,Child,1662
776,Webster,Gulk,Child,747
776,Sheilah,Wardhough,Child,1072
777,Myrilla,Littlejohn,Child,1425
777,Sam,Jereatt,Child,1767
778,Ashlee,Bosse,Child,798
778,Arlene,Chown,Spouse,1304
779,Vassili,Dyer,Child,1236
779,Darnall,Rentoll,Child,1464
780,Merle,Blyth,Child,138
780,Solomon,Tuttiett,Child,1787
781,Mariellen,Hambrook,Child,525
781,Erwin,MacDonnell,Child,851
782,Pattin,Rany,Child,513
782,Anatole,Lidstone,Child,2100
783,Sargent,Jobe,Child,431
783,Joye,Janczak,Child,966
784,Symon,Wabersich,Spouse,826
784,Edan,Scade,Spouse,1184
785,Michal,Stigger,Spouse,1233
785,Corey,Beeze,Child,2003
786,Jayme,Giff,Child,251
786,Verna,Gay,Spouse,1823
787,Frederich,Fobidge,Child,650
787,Jami,Jorge,Spouse,1197
788,Gibbie,Spillane,Child,52
788,Kip,Fanton,Spouse,1147
789,Ody,Caldera,Spouse,344
789,Murielle,MacDonough,Child,1831
790,Micheline,Cullinane,Child,949
790,Scotti,Dumphries,Spouse,1357
791,Kathryn,Fursse,Child,333
791,Jacqueline,Conroy,Child,707
792,Rolf,Kunisch,Child,1054
792,Liliane,Ilyenko,Child,2121
793,Tabbatha,Boydon,Spouse,959
793,Genia,Stoite,Child,1759
794,Halsey,Urlin,Spouse,1125
794,Marylinda,Pinchin,Child,1532
795,Carri,Kier,Spouse,1624
796,Holly-anne,Richardsson,Spouse,441
797,Fee,Kenford,Spouse,1015
797,Sissie,Cormode,Child,1511
798,Mohandis,Chudleigh,Child,1408
798,Amery,Lapere,Spouse,1847
799,Guntar,Tuxsell,Child,637
799,Johanna,Denyer,Child,2121
800,Laurie,Oleszkiewicz,Spouse,558
800,Cordula,Gateland,Spouse,993
801,Morse,Luquet,Child,324
801,Colan,Tomei,Child,782
802,Aveline,Taleworth,Child,18
802,Jaime,Tumber,Spouse,1861
803,Bronny,Diter,Child,268
803,Barnie,Beels,Child,1128
804,Catriona,Emberson,Spouse,616
805,Peder,Tull,Child,844
806,Shell,Stillert,Child,1580
808,Lammond,Bontoft,Child,240
808,Ingra,Quilter,Child,1346
809,Dimitry,Dowry,Spouse,70
809,Fifi,Biasio,Child,589
810,Goldia,Pineaux,Child,1463
811,Damita,Fetherston,Spouse,36
812,Dorie,Morican,Spouse,255
812,Rolland,Insall,Spouse,1432
813,Chrissy,Trewinnard,Spouse,589
813,Windy,Marjanovic,Spouse,1203
814,Jerad,Ickowics,Spouse,1302
814,Zebulen,Gager,Child,1579
815,George,Boydon,Child,1869
816,Pen,Skaid,Child,1805
817,Vicki,Newtown,Spouse,545
817,Suellen,Edworthie,Spouse,2005
818,Caye,Kildahl,Child,402
820,Christen,Dory,Spouse,246
820,Danita,Sieve,Child,733
821,Hobie,Caudelier,Child,750
821,Ellerey,Macvain,Child,1820
822,Caril,Commander,Spouse,123
822,Filippo,Denzey,Spouse,1000
823,Cletis,Flecknoe,Child,1673
824,Hally,Seyfart,Spouse,1760
824,Thatcher,Filipczynski,Spouse,2105
825,Marya,Saffle,Spouse,209
825,Maribel,McCathay,Child,509
826,Judas,Carse,Child,831
826,Isador,Wildgoose,Child,1640
827,Kort,Jocic,Child,1020
828,Dunc,Knobell,Spouse,1660
828,Garrett,Baelde,Spouse,1842
829,Thorin,Rastall,Child,1967
830,Carmencita,Dalby,Child,256
830,Gilberta,Cubbini,Child,1645
831,Gran,Albrook,Child,1055
831,Teodoro,Brindle,Spouse,1636
832,Webb,Beebis,Child,381
832,Claresta,Parram,Child,590
833,Stanley,McGaugan,Child,304
833,Missy,Kuhnt,Spouse,465
834,Efren,Leon,Child,393
834,Dorrie,Bosenworth,Spouse,886
835,Neil,Hamlen,Spouse,37
835,Brandais,Folbige,Child,1298
836,Benedict,Ruse,Spouse,610
836,Alli,Swede,Child,745
837,Imelda,Jakab,Child,664
837,Zaneta,Bauer,Child,1460
838,Ange,Parres,Spouse,1345
838,Ricki,Matterface,Child,1559
839,Jolie,Churchman,Spouse,5
840,Tedi,Arch,Spouse,751
840,Andrej,Helix,Spouse,2121
841,Sib,Mauditt,Child,154
841,Rosaleen,Zanitti,Child,744
842,Joel,Swiffin,Child,1516
842,Zebadiah,Yeo,Spouse,1547
843,Lazaro,Rickis,Child,475
843,Morgan,Goldwater,Child,1407
844,Mirilla,Bellringer,Spouse,874
845,Suzi,Hanks,Child,750
845,Grazia,McCrohon,Spouse,1671
846,Martin,Hammelberg,Spouse,401
847,Culley,Slader,Child,1583
848,Tedmund,Benjamin,Child,730
848,Waring,Masterton,Child,1628
849,Erny,Trivett,Child,240
850,Norry,Dossett,Spouse,179
850,Haskell,Bethune,Spouse,258
851,Orbadiah,Langthorne,Child,831
851,Maddi,Haily,Child,1594
852,Karoly,De Carteret,Child,1948
853,Flossy,McIleen,Child,615
853,Antonio,Duchart,Child,769
854,Rriocard,Milam,Child,132
854,Joete,Windeatt,Child,362
855,Melly,Gremain,Spouse,26
855,Weidar,Portsmouth,Spouse,893
856,Gleda,Coom,Child,352
856,Rebe,Scurfield,Child,909
857,Karl,Pressey,Spouse,894
857,Randie,Sivil,Spouse,2020
858,Marlene,Staries,Child,873
858,Amargo,Beere,Spouse,1407
859,Rodolphe,Lydiate,Child,349
860,Breena,Regelous,Child,248
861,Kevan,Hevey,Spouse,1014
862,Ardisj,Brunetti,Child,801
862,Remus,Bruyns,Child,1820
863,Kaitlin,Rickesies,Spouse,627
864,Lizabeth,Beernt,Spouse,39
864,Frederica,Knowling,Child,1776
865,Bonni,Jeannequin,Spouse,1856
866,Tyson,McMarquis,Child,1299
866,Kelcy,Pringour,Spouse,1607
867,Lu,Evangelinos,Child,577
867,Lauretta,De Roeck,Spouse,641
868,Vanni,Kear,Spouse,854
868,Kendricks,Woodison,Spouse,1322
869,Lowrance,McGregor,Spouse,825
869,Tally,Guiso,Child,2064
870,Alexina,Cobbe,Spouse,41
870,Sander,Wardhough,Child,976
871,Gamaliel,Crick,Spouse,13
871,Lamond,Pearlman,Child,1267
872,Drugi,Bothram,Child,640
873,Casie,Luckham,Spouse,1522
873,Stacee,Jurges,Spouse,2026
874,Butch,Hennemann,Child,541
874,Morgen,Hinrichs,Child,648
875,Zora,Khomin,Child,926
875,Monti,Danielczyk,Child,1618
876,Rhys,Barthel,Spouse,420
876,Robinia,Zanetto,Child,2043
877,Calida,Marfe,Spouse,447
877,Eddie,Norewood,Spouse,1549
878,Gladys,Scholl,Child,735
878,Lusa,Matteoli,Spouse,2088
879,Connor,Jorger,Spouse,646
879,Abelard,Tugman,Child,1916
880,Hiram,Thorrold,Spouse,681
881,Rebe,Pawlick,Spouse,238
881,Taite,McGreil,Child,669
882,Loydie,Blackstone,Child,869
882,Lynda,Roots,Child,2047
883,Alexina,Trevorrow,Child,612
883,Rogerio,Catteroll,Spouse,897
884,Percival,Penas,Child,268
884,Aurora,Whipple,Child,555
885,Ceciley,Leipold,Spouse,821
885,Pattie,Blackden,Child,918
886,Chrisy,Squibbes,Child,279
886,Farah,Spivie,Child,955
887,Regen,Laval,Child,1738
887,Ellsworth,Heijne,Child,1893
888,Wernher,Langsdon,Child,274
888,Malvin,Leif,Spouse,1259
889,Leonora,McKeating,Spouse,409
889,Suzanne,Forestall,Child,1070
890,Barthel,McGennis,Child,1399
890,Gustav,Freddi,Child,1635
891,Efren,Gehricke,Child,202
892,Kania,Saffell,Child,1488
892,Kilian,Bizley,Child,2031
893,Chrotoem,Orford,Spouse,912
893,Abagael,Shorey,Child,1114
894,Broddy,Belding,Child,738
894,Ives,Garrud,Spouse,1918
895,Pearl,Shotbolt,Child,1043
896,Coral,Bartlet,Child,1031
897,Terrel,Rosoman,Child,1548
897,Corine,Whybray,Spouse,2092
898,Raynell,Pea,Child,1703
899,Jaime,Folkerts,Spouse,1681
899,Layne,Ipplett,Child,2055
900,Trumaine,Van Driel,Child,731
900,Charlot,Guerreau,Child,805
901,Annora,Byng,Spouse,1676
901,Erinna,Raistrick,Child,1985
902,Sarene,Giottoi,Child,452
903,Sandra,MacGillicuddy,Child,785
903,Shay,Devaney,Spouse,1728
905,Barnard,Demeter,Child,1560
905,Saul,Pidgeley,Child,2055
906,Brigitta,Dumphrey,Spouse,1226
906,Monah,MacColgan,Spouse,1342
907,Audy,Prettyjohn,Spouse,1104
907,Micah,Traynor,Child,2114
908,Jada,Etienne,Child,1169
908,Simone,Kalkofen,Child,1365
909,Giselle,Stave,Child,1986
910,Zonnya,Anwyl,Child,1644
911,Giselbert,Baldacco,Child,1631
912,Carson,Dumingo,Child,1883
913,Gannon,Hansed,Child,51
913,Clarabelle,Ossulton,Child,392
914,Roley,Crab,Child,1323
914,Allyce,Bezants,Child,1646
915,Yalonda,Girardot,Child,489
915,Nikaniki,Tarver,Child,804
916,Martainn,Ahmad,Spouse,661
917,Kalvin,Yole,Spouse,1056
918,Barby,Kment,Child,97
918,Sanderson,Espadero,Spouse,362
919,Beatrisa,Zellick,Spouse,148
919,Willi,Galland,Child,339
920,Dominica,Roobottom,Child,828
920,Jonie,Gellett,Spouse,1425
921,Vasilis,Reynolds,Child,1324
922,Dov,Crat,Child,833
922,Ola,Samsin,Spouse,1748
923,Raymund,Simonnot,Spouse,867
923,Catrina,Tadlow,Child,925
924,Ximenez,Kampshell,Child,960
924,Starlin,Fellon,Child,2067
925,Alix,Austick,Child,101
925,Glory,Gatecliffe,Child,968
926,Rowe,Keoghane,Child,205
926,Zora,Fogel,Spouse,1049
927,Maggee,Davidofski,Spouse,115
927,Ulrike,Favey,Child,2059
928,Anatola,Rosson,Child,623
929,Kev,Borkett,Child,1442
930,Walliw,Willcocks,Spouse,1117
930,Edi,Norgate,Child,1637
931,Ailina,Wagner,Child,747
932,Sharla,Kittredge,Child,283
932,Emmie,Meakin,Child,611
933,Juditha,Delong,Child,1128
933,Griffith,Trevains,Child,1448
934,Carmelita,Chasier,Child,905
934,Marylin,Davidde,Child,1875
935,Laurianne,Poulney,Spouse,671
935,Libbie,Bondley,Child,912
936,Gavrielle,Haruard,Child,1442
936,Juanita,Marginson,Child,1783
937,Mellisent,Tetla,Spouse,228
937,Edie,Innocent,Child,1990
938,Cullie,Regus,Spouse,1631
938,Sissy,Harbottle,Spouse,1709
939,Natalee,Brosius,Spouse,130
939,Nicoli,Mitchell,Child,1045
940,Barty,Ethington,Child,989
940,Wallie,Schimaschke,Child,1932
941,Dorey,Skarman,Child,1071
941,Arlin,Coatham,Child,1747
942,Jere,Feavers,Spouse,1563
942,Hurley,Chattoe,Child,1924
943,Patsy,Serrurier,Spouse,367
943,Dorine,Gowler,Child,512
944,Ninon,Burgen,Spouse,581
944,Adelaide,Thewys,Spouse,2000
945,Jocelin,Regnard,Child,833
946,Maurice,Doubrava,Spouse,1917
947,Davida,Mulqueen,Spouse,59
947,Fanchette,Harman,Child,438
948,Gregoire,Starling,Child,335
949,Truman,Coy,Spouse,218
949,Charlene,Rippingall,Child,930
950,Howie,Oddie,Child,1329
950,Gaynor,Brando,Child,1348
951,Delcine,Rushbrooke,Child,1079
951,Branden,Speddin,Child,1590
952,Joshia,Gartland,Child,372
952,Burl,Ivanusyev,Spouse,916
953,Dalton,Boman,Spouse,1260
954,Dyan,Stearn,Child,1156
954,Jill,Marsham,Spouse,1994
956,Tanitansy,Abrahams,Child,1003
956,Georgine,Ivashnyov,Child,2000
957,Sabina,Baugh,Spouse,1554
957,Cornell,Bushell,Child,1693
958,Josh,Kidston,Spouse,674
959,Emelyne,Rishworth,Child,795
959,Charlean,Plaschke,Child,1971
960,Lorrie,Cancelier,Spouse,1514
961,Curry,Kiely,Child,261
962,Gabie,Maypes,Spouse,1336
963,Sibel,Plaschke,Child,597
963,Byrle,Fatscher,Child,2075
964,Carolina,Nitto,Child,766
964,Lodovico,Dwyer,Spouse,1105
965,Christy,Coppo,Spouse,1460
965,Fred,Kristoffersson,Spouse,1946
966,Ingra,Melpuss,Child,1086
966,Celine,Blois,Child,1447
967,Hershel,Codlin,Child,1458
967,Arden,Sandifer,Spouse,1665
968,Stanford,Trencher,Spouse,1826
969,Shadow,Veare,Spouse,704
969,Misty,Nizet,Spouse,2046
970,Norrie,Bramhill,Child,1876
970,Elsinore,Gilvear,Child,1950
971,Ruggiero,Ladds,Spouse,80
972,Ailina,Miner,Child,1055
972,Deanna,Shaefer,Spouse,1687
973,Vaughan,Tenney,Child,462
973,Caria,Cornier,Child,1693
974,Michael,MacHostie,Child,1216
974,Hakeem,Coulman,Spouse,1798
975,Doralynne,McNutt,Spouse,300
975,Simonne,Butler-Bowdon,Spouse,2073
976,Arlina,Stichall,Spouse,382
977,Tedi,Hales,Spouse,1297
978,Minerva,Gravett,Child,30
979,Kial,Collett,Spouse,143
979,Lauretta,Hollidge,Child,1080
980,Willis,Still,Spouse,1427
980,Alexina,Caberas,Child,1527
981,Saleem,Goodreid,Child,1112
981,Rabi,Rheubottom,Child,1813
982,Brendon,Martinot,Child,701
982,Madlen,Quinane,Child,1953
983,Lorelle,Kenningham,Spouse,1626
983,Rutger,Raincin,Spouse,1749
984,Janice,Jennick,Child,1666
985,Ruthann,Gilmour,Child,150
985,Kain,Gurry,Spouse,623
986,Mignonne,Verbrugghen,Child,1760
987,Valentijn,Pember,Child,1025
987,Virgie,Hussy,Child,1110
988,Klaus,Desmond,Child,79
988,Gretna,Northcliffe,Child,830
989,Muffin,Morrilly,Spouse,1011
989,Mitchel,Brewett,Child,1641
990,Bjorn,Torry,Spouse,1669
991,Egbert,Peegrem,Spouse,955
991,Sergent,Chown,Child,979
992,Terence,Storrier,Child,1795
993,Randolph,Kale,Child,699
993,Delcina,Richarson,Spouse,1889
994,Germain,Scartifield,Child,546
995,Hurleigh,Thurnham,Spouse,869
996,Abbye,Cheson,Spouse,113
996,Bill,Troop,Child,1210
997,Dewitt,Mabb,Child,1844
998,Becki,Hazard,Child,1492
998,Happy,Wesson,Child,1601
999,Hubie,Lilleycrop,Spouse,289
999,Roxie,Corney,Child,782
1000,Norina,Curgenven,Child,1043
